<?xml version="1.0" encoding="UTF-8"?>
<CustomField xmlns="http://soap.sforce.com/2006/04/metadata">
    <fullName>Exam__c</fullName>
    <externalId>false</externalId>
    <label>Exam</label>
    <referenceTo>Exam__c</referenceTo>
    <relationshipLabel>Exam Questions</relationshipLabel>
    <relationshipName>Exam_Questions</relationshipName>
    <relationshipOrder>0</relationshipOrder>
    <reparentableMasterDetail>false</reparentableMasterDetail>
    <trackTrending>false</trackTrending>
    <type>MasterDetail</type>
    <writeRequiresMasterRead>false</writeRequiresMasterRead>
</CustomField>
